,feature_0,feature_1,feature_2
feature_0,0.0,0.01925624241040738,0.02072909459504893
feature_1,0.01925624241040738,0.0,0.07284890120419256
feature_2,0.02072909459504893,0.07284890120419256,0.0
